"well_name","API_WellNo","BH_FtNS","BH_Lat","BH_Long"
FFGU-NGL,"50029000000000",15,,
CGF AA-NGL,"50029000000700",10,,
CGF FBP-NGL,"50029000000800",10,,
"1","50029200010000",2136,70.323236,-148.541853
"1","50029200020000",866,70.254516,-148.341738
"1","50029200060000",2709,70.278492,-148.566153
"31-25","50029200070000",660,70.197536,-148.462319
"1","50029200080000",1320,70.289485,-149.114707
"33-11-13","50029200100000",1430,70.26757,-148.851635
"3-11-11","50029200140000",2191,70.335016,-149.306209
"24-10-14","50029200150000",956,70.201942,-148.466535
J-01,"50029200200000",833,70.326784,-148.839545
J-02,"50029200230000",1080,70.326111,-148.838866
"23-10-14XX","50029200249500",2640,,
J-03,"50029200250000",2214,70.335078,-148.857687
"5-10-13","50029200270000",1717,70.252201,-148.895971
"19-10-15","50029200350000",725,70.211757,-148.412482
"12-10-14","50029200390000",555,70.240992,-148.494097
M-01,"50029200420000",3237,70.334596,-148.960171
"01-01","50029200440000",1326,70.238893,-148.374193
"18-10-15","50029200450000",2180,70.219676,-148.430226
"20-10-15XX","50029200469500",1980,,
"33-12-13","50029200470000",683,70.35617,-148.835473
"01-02","50029200530000",1246,70.239214,-148.41542
D-01,"50029200540000",2130,70.291694,-148.772908
D-04,"50029200560000",2068,70.30592,-148.727791
D-03,"50029200570000",2168,70.306193,-148.769724
D-05,"50029200580000",992,70.28859,-148.726264
B-01,"50029200590000",2006,70.262535,-148.689561
"33-29E","50029200600000",2247,70.364168,-149.393228
"33-11-12","50029200610000",2179,70.265525,-149.100444
"7-11-12","50029200620000",1403,70.318494,-149.190915
"01-03","50029200630000",1555,70.246736,-148.433566
"02-04","50029200640000",1763,70.261871,-148.48034
B-02,"50029200660000",2029,70.262597,-148.641922
"1","50029200670000",2556,70.24946,-148.818339
"24-11-12","50029200680000",2129,70.291691,-148.970612
"01-04","50029200700000",1310,70.246006,-148.39407
"02-01","50029200710000",1533,70.275659,-148.480388
B-04,"50029200720000",2368,70.27829,-148.646205
B-03,"50029200730000",2307,70.277772,-148.687047
"02-02","50029200740000",1465,70.275474,-148.436734
"01-05XX","50029200759500",1320,,
"01-05","50029200760000",3237,70.233689,-148.356151
"02-03","50029200770000",1046,70.259912,-148.440977
"04-01","50029200780000",3821,70.261013,-148.26611
N-01,"50029200790000",3680,70.319028,-148.909746
F-01,"50029200800000",3269,70.334523,-148.76696
"02-05","50029200810000",979,70.275364,-148.517335
"02-05AXX","50029200819500",4063,,
N-02,"50029200830000",2453,70.307989,-148.900364
F-02,"50029200840000",1810,70.323925,-148.766766
F-03,"50029200850000",686,70.327184,-148.729577
"02-06","50029200860000",3115,70.260661,-148.517764
N-03,"50029200870000",2561,70.307264,-148.9342
"04-02","50029200880000",1342,70.275138,-148.269884
F-04,"50029200890000",2437,70.33679,-148.730724
N-04,"50029200910000",1952,70.31999,-148.939751
"04-03","50029200920000",1195,70.260625,-148.308843
"03-01XX","50029200939500",1320,,
N-05,"50029200940000",761,70.331123,-148.931387
F-05,"50029200950000",1237,70.346994,-148.732758
"04-04","50029200960000",889,70.260811,-148.228484
F-06,"50029200970000",1351,70.347305,-148.777214
N-06,"50029200980000",832,70.331317,-148.887596
H-01,"50029200990000",919,70.283377,-148.834212
H-02,"50029201000000",1124,70.297219,-148.83923
M-02,"50029201010000",1622,70.324636,-148.965755
M-03,"50029201020000",1846,70.334077,-149.001215
H-03,"50029201030000",3800,70.290644,-148.812667
H-04,"50029201040000",1664,70.304825,-148.794129
M-04,"50029201050000",2324,70.351689,-148.942108
H-05,"50029201060000",3528,70.309899,-148.869542
"04-05","50029201070000",1275,70.274955,-148.306338
A-01,"50029201080000",2416,,
A-02,"50029201090000",898,70.269023,-148.707936
"04-06","50029201110000",1494,70.252808,-148.310523
"01-06","50029201120000",984,70.245182,-148.34878
A-03,"50029201130000",4562,70.273435,-148.796667
A-04,"50029201150000",3413,70.276571,-148.722619
A-05,"50029201160000",2966,70.263381,-148.791349
A-06,"50029201180000",1525,70.281674,-148.755049
F-07,"50029201190000",737,70.345631,-148.807776
J-05,"50029201200000",1568,70.33332,-148.811657
C-01,"50029201210000",1516,70.29615,-148.667346
C-02,"50029201230000",3539,70.290579,-148.642124
C-03,"50029201240000",575,70.301851,-148.640557
C-04,"50029201250000",1943,70.309379,-148.662101
C-05,"50029201260000",798,70.283707,-148.706707
C-06,"50029201270000",574,70.284318,-148.664558
C-07,"50029201280000",801,70.2981,-148.715055
C-08,"50029201290000",1618,70.304694,-148.681366
A-07,"50029201310000",2725,70.278913,-148.784472
A-08,"50029201320000",1786,70.261934,-148.731226
"1","50029201330000",2245,70.321025,-148.341976
F-08,"50029201350000",1278,70.325572,-148.795964
"05-01","50029201360000",1183,70.268245,-148.394366
N-07,"50029201370000",3229,70.320257,-148.875304
"1","50029201380000",985,70.356383,-148.446291
N-08,"50029201430000",3537,70.31942,-148.935194
"05-02","50029201440000",4242,70.268643,-148.373129
"05-03","50029201470000",1178,70.253667,-148.371747
D-06,"50029201480000",570,70.298729,-148.759114
"05-04","50029201520000",795,70.259227,-148.433728
"02-09","50029201530000",1445,70.275419,-148.458335
"02-07","50029201540000",1232,70.26042,-148.495969
"02-08","50029201550000",1315,70.275064,-148.496841
"01-07","50029201570000",1225,70.231461,-148.441186
"9-11-12","50029201580000",1844,70.319696,-149.109818
"01-08","50029201600000",1583,70.246695,-148.329362
D-07,"50029201620000",4294,70.311986,-148.756511
"02-10","50029201630000",1024,70.268679,-148.481827
"01-09","50029201640000",1655,70.237997,-148.328758
E-01,"50029201660000",326,70.344347,-148.64807
"01-10","50029201690000",995,70.230834,-148.397015
"01-10AXX","50029201699500",1535,,
"05-05","50029201700000",1635,70.261674,-148.3495
NGI-01,"50029201710000",1069,70.317585,-148.454197
"06-01","50029201720000",3752,70.252723,-148.496109
"05-06","50029201730000",1790,70.252002,-148.414301
NGI-02,"50029201740000",1361,70.325346,-148.436459
E-02,"50029201750000",484,70.330369,-148.673705
"1","50029201770000",1299,70.246281,-148.778642
NGI-03,"50029201780000",2410,70.32249,-148.501367
"06-04","50029201790000",1288,70.238964,-148.50101
E-03,"50029201810000",1072,,
"06-02XX","50029201829500",1320,,
NGI-04,"50029201830000",1891,70.334199,-148.44071
E-04,"50029201840000",435,70.344803,-148.688882
"06-03","50029201860000",690,70.254995,-148.478969
"03-01","50029201870000",4172,70.239407,-148.290719
"09-01","50029201880000",4392,,
"04-07","50029201890000",1759,,
"30-11-13","50029201910000",2998,70.277704,-148.932866
"22-11-12","50029201920000",3134,70.294432,-149.059407
"04-08","50029201930000",870,70.27385,-148.246255
M-05,"50029201940000",2914,70.321117,-149.000156
M-05AL1XX,"50029201949500",3426,,
NGI-05,"50029201960000",1532,70.333222,-148.463184
E-05,"50029201970000",2750,70.335938,-148.638286
"09-02","50029201980000",1476,,
"1","50029201990000",2179,70.291828,-149.218197
"1","50029202000000",1399,70.361853,-148.562437
"06-06","50029202010000",1242,70.22474,-148.519624
E-06,"50029202020000",2211,70.33507,-148.67912
"03-02","50029202030000",1369,70.231853,-148.316921
NGI-06,"50029202060000",1488,70.333102,-148.499427
"04-09","50029202070000",3893,70.260844,-148.246481
"09-03","50029202090000",1349,70.238825,-148.244664
NGI-07,"50029202100000",272,70.328311,-148.481132
"03-03","50029202110000",1786,70.232989,-148.272242
"09-04","50029202120000",1463,70.246486,-148.269039
"04-10","50029202130000",1317,70.27507,-148.289715
G-01,"50029202140000",1516,70.333178,-148.714885
"09-05","50029202150000",956,70.254271,-148.287974
"09-06","50029202160000",1723,70.247193,-148.224554
G-02,"50029202170000",1858,70.323993,-148.685866
G-02B,"50029202170200",665,,
"03-04","50029202180000",2000,70.222674,-148.226026
NGI-08,"50029202190000",830,70.326792,-148.523881
"03-07","50029202200000",1465,70.224143,-148.311521
G-03,"50029202210000",1855,70.319725,-148.721843
"03-05","50029202220000",1469,70.224121,-148.242435
"09-07","50029202230000",1209,70.253583,-148.248607
"03-06","50029202240000",1605,70.223751,-148.266842
G-04,"50029202250000",1097,70.311684,-148.712889
NGI-09,"50029202280000",1960,70.338088,-148.516858
NGI-10,"50029202290000",1123,70.340365,-148.479984
"09-08","50029202300000",1178,70.260273,-148.203813
"03-08","50029202310000",1578,70.223824,-148.289552
"09-09","50029202320000",1276,70.253773,-148.203437
"09-10","50029202350000",1579,70.252576,-148.179263
"09-11","50029202360000",1191,70.245745,-148.180398
H-06,"50029202380000",1369,70.289618,-148.838074
"09-12","50029202390000",1330,70.238882,-148.179175
"09-13","50029202400000",873,70.230502,-148.177573
J-07,"50029202410000",486,70.342099,-148.83068
H-07,"50029202420000",1338,70.296635,-148.801443
"05-07","50029202430000",1695,70.252261,-148.391181
"05-12","50029202440000",1284,70.267969,-148.414658
J-06,"50029202460000",681,70.341568,-148.853897
H-08,"50029202470000",1717,70.304964,-148.839101
"05-08","50029202480000",1746,70.251863,-148.438957
"09-14","50029202490000",1297,70.253344,-148.268122
"05-13","50029202500000",1746,70.276241,-148.374325
J-09,"50029202510000",2514,70.322207,-148.857033
"05-11","50029202520000",3589,70.266858,-148.438085
"05-14","50029202530000",1622,70.275902,-148.39591
"05-09","50029202540000",4073,70.260352,-148.37561
"05-15","50029202550000",1433,70.275386,-148.414569
"09-15","50029202560000",4145,70.253776,-148.226509
"09-16","50029202570000",1561,70.246752,-148.289447
"09-17","50029202580000",1545,70.246709,-148.20042
"09-18","50029202590000",1354,,
"09-19","50029202600000",930,70.230657,-148.203888
"09-20","50029202610000",1370,70.238773,-148.222421
"05-16","50029202620000",1294,70.282354,-148.41663
"05-10","50029202630000",913,70.259549,-148.398108
J-08,"50029202650000",3424,70.3415,-148.877098
"01-11","50029202680000",971,70.230769,-148.373767
"01-12","50029202690000",1218,70.239187,-148.349416
"01-13","50029202700000",1006,70.230864,-148.416514
"05-17","50029202710000",2634,70.26425,-148.407506
"07-01","50029202720000",1208,70.260355,-148.568133
"02-11","50029202730000",1644,70.252399,-148.456436
B-05,"50029202760000",490,70.270137,-148.62142
"02-12","50029202770000",1286,70.260568,-148.460751
B-06,"50029202790000",493,70.270129,-148.666723
"01-14","50029202810000",1110,70.239481,-148.437341
"06-02","50029202820000",4528,70.254783,-148.517885
NGI-11,"50029202830000",611,70.341758,-148.498433
NGI-12,"50029202840000",1719,70.324371,-148.456201
B-07,"50029202850000",2519,70.278719,-148.623821
"04-11","50029202860000",1430,70.26757,-148.228193
"01-15","50029202870000",1543,70.238302,-148.395261
"01-16","50029202880000",1608,70.24688,-148.371417
"01-17","50029202890000",1357,70.246197,-148.414655
"07-02","50029202900000",1225,70.260401,-148.540908
"07-03","50029202910000",1092,70.268493,-148.606236
"07-04","50029202920000",1155,70.268321,-148.584587
"07-05","50029202930000",1180,70.268253,-148.539162
"07-06","50029202940000",1457,70.267497,-148.561353
"07-07","50029202950000",1249,70.274884,-148.540682
"07-08","50029202960000",4058,70.27481,-148.563091
"04-12","50029202970000",3872,70.267939,-148.245422
"06-05","50029202980000",2016,70.247991,-148.479685
"06-07","50029202990000",684,70.244365,-148.452324
"06-08","50029203000000",1709,70.23785,-148.457635
Q-01,"50029203010000",557,70.31619,-148.856928
"01-18","50029203030000",2151,70.222552,-148.417021
"04-13","50029203050000",1322,70.267865,-148.31008
B-03A,"50029203060000",3020,70.277644,-148.68493
GC-03B,"50029203070000",770,70.283783,-148.682716
"04-14","50029203100000",1333,70.267835,-148.266644
"04-15","50029203110000",956,70.259667,-148.28717
B-08,"50029203140000",2430,70.27814,-148.666036
"04-16XX","50029203159500",1320,,
B-09,"50029203160000",603,70.255232,-148.675065
"14-01","50029203170000",1311,70.253305,-148.61352
"14-02","50029203180000",1063,70.25398,-148.585595
"14-03","50029203190000",1408,70.253042,-148.560077
"14-04","50029203200000",1131,70.253795,-148.541029
B-10,"50029203210000",876,70.254582,-148.651358
Q-03,"50029203220000",965,70.312043,-148.788626
"13-01","50029203230000",1003,70.225135,-148.504599
"13-02","50029203240000",708,70.226195,-148.475122
"13-03","50029203250000",4155,70.225129,-148.45374
"13-04","50029203260000",1432,70.217638,-148.480047
"14-05","50029203270000",1525,70.238351,-148.585515
"14-06","50029203280000",4400,70.230526,-148.60952
"14-07","50029203290000",1634,70.238054,-148.537875
"14-08","50029203300000",2334,70.221764,-148.565461
B-11,"50029203310000",845,70.254573,-148.702506
B-11AXX,"50029203319500",3723,,
B-12,"50029203320000",3458,70.262032,-148.666109
Q-02,"50029203330000",1620,70.310259,-148.848168
"07-09","50029203340000",3875,70.275949,-148.606212
"07-10","50029203350000",1737,70.276216,-148.58971
"07-11","50029203360000",1341,70.260718,-148.589484
"07-12","50029203370000",777,70.259178,-148.6122
"07-13","50029203380000",1126,70.282812,-148.609864
"07-14","50029203390000",831,70.283617,-148.564957
Q-04,"50029203400000",1709,70.319328,-148.836297
B-13,"50029203410000",1355,70.260756,-148.71015
Q-05,"50029203440000",1382,70.310907,-148.801265
Q-06,"50029203460000",1530,70.31884,-148.788634
NGI-13,"50029203470000",279,70.329819,-148.46737
NGI-14,"50029203480000",1911,70.338221,-148.467709
B-14,"50029203490000",3291,70.262477,-148.622859
G-05,"50029203510000",4801,70.315977,-148.67575
Q-07,"50029203520000",2019,70.309172,-148.777466
R-01,"50029203530000",5187,,
R-02,"50029203540000",2648,70.350821,-148.928686
U-13,"50029203550000",2717,70.292875,-148.891054
TW-C,"50029203560000",1215,70.332359,-149.057533
G-06,"50029203580000",4294,70.317353,-148.699783
G-07,"50029203590000",1569,70.310398,-148.684025
B-15,"50029203600000",392,70.270404,-148.687969
"03-10","50029203610000",1357,70.238808,-148.266689
"03-09","50029203620000",1531,70.246671,-148.314345
"12-01","50029203630000",677,70.226279,-148.373389
R-03,"50029203640000",95,70.358294,-148.917146
B-16,"50029203650000",364,70.270557,-148.641413
C-09,"50029203660000",3720,70.290139,-148.663895
M-06,"50029203670000",1913,70.34884,-148.995812
B-17,"50029203680000",1960,70.276825,-148.706942
WGI-01,"50029203690000",2352,70.335462,-148.504098
"12-02","50029203700000",599,70.226492,-148.348852
C-10,"50029203710000",919,70.283382,-148.644937
D-08,"50029203720000",621,70.28419,-148.776625
M-07,"50029203730000",180,70.329542,-148.947558
R-04,"50029203740000",2370,70.336972,-148.897859
"12-03","50029203770000",1110,,
WGI-02,"50029203790000",1463,70.333034,-148.522144
R-05,"50029203800000",154,70.344036,-148.891842
D-09,"50029203810000",1602,70.281513,-148.734506
C-11,"50029203820000",3334,70.291192,-148.684163
"03-11","50029203830000",917,70.216234,-148.286952
"12-04","50029203840000",1532,70.21791,-148.438917
WGI-03,"50029203850000",2447,70.336763,-148.490061
WGI-04,"50029203860000",1642,70.333521,-148.479394
C-12,"50029203870000",311,70.286732,-148.629283
R-06,"50029203880000",1848,70.352989,-148.881657
D-10,"50029203890000",1375,70.289635,-148.794428
X-01,"50029203900000",121,70.242832,-148.651905
"12-05","50029203910000",1920,70.218905,-148.369486
"03-12","50029203920000",1106,70.231136,-148.253701
Y-01,"50029203940000",531,70.287333,-148.802582
Y-02,"50029203950000",2661,70.278738,-148.809863
X-02,"50029203970000",2659,70.249741,-148.639569
"03-13","50029203990000",1321,70.217335,-148.237904
"06-09","50029204000000",1049,70.230981,-148.477536
"12-06","50029204010000",1703,70.218376,-148.347331
"06-10","50029204020000",947,70.230703,-148.456653
F-09,"50029204030000",1030,70.331856,-148.791357
C-13,"50029204040000",686,70.298413,-148.623093
X-03,"50029204050000",306,70.25604,-148.62786
TW-A,"50029204060000",1003,70.355296,-148.582149
"03-14","50029204070000",4372,70.216212,-148.268154
"12-07","50029204090000",1365,70.210012,-148.370298
F-10,"50029204100000",1181,70.332267,-148.744866
F-10C,"50029204100300",4229,,
Y-03,"50029204110000",188,70.271985,-148.827698
X-04,"50029204120000",2446,70.249164,-148.665908
C-14,"50029204130000",1376,70.304034,-148.620936
C-14AXX,"50029204139500",706,,
"03-15","50029204140000",2104,70.222391,-148.333176
"03-16","50029204150000",391,70.229189,-148.338584
"03-17","50029204200000",1360,70.231828,-148.289342
"03-18","50029204210000",1705,70.237861,-148.313863
X-05,"50029204220000",2678,70.249792,-148.684658
Y-04,"50029204230000",2498,70.278293,-148.836765
F-11,"50029204240000",1126,70.340357,-148.74961
F-12,"50029204250000",837,70.341144,-148.787632
NOM-1,"50029204260000",1335,70.26783,-149.078657
C-15,"50029204270000",717,70.298331,-148.693375
"06-11","50029204280000",1116,70.231164,-148.498314
Y-06,"50029204310000",2217,70.277529,-148.858455
"12-08","50029204320000",955,70.20194,-148.393732
"02-13","50029204330000",1235,70.268103,-148.459385
F-13,"50029204340000",1225,70.340088,-148.767292
D-11,"50029204350000",985,70.297598,-148.78684
Y-05,"50029204360000",707,70.258986,-148.81118
X-06,"50029204370000",2959,70.250557,-148.717031
C-16,"50029204380000",809,70.302491,-148.662303
C-17,"50029204390000",204,70.315228,-148.652008
F-14,"50029204400000",2119,70.349403,-148.759384
X-07,"50029204410000",3140,70.233953,-148.624142
"02-01A","50029204420000",1325,70.275092,-148.475127
D-12,"50029204430000",1580,70.290194,-148.750968
J-10,"50029204440000",716,70.327111,-148.816385
J-12,"50029204450000",2148,70.334898,-148.837097
"02-14","50029204460000",1437,70.267204,-148.500793
"02-15","50029204470000",1027,70.268671,-148.523016
"02-16","50029204480000",1683,70.281292,-148.520495
D-13,"50029204490000",1672,70.290445,-148.706618
D-14,"50029204500000",1006,70.297541,-148.736147
D-14B,"50029204500200",1761,,
E-07,"50029204510000",3458,70.348592,-148.666833
E-08,"50029204520000",2754,70.351154,-148.646836
"02-17","50029204530000",1393,70.282083,-148.497246
"02-18","50029204540000",1202,70.282605,-148.480437
X-09,"50029204550000",1629,70.223685,-148.626588
"06-12","50029204560000",1387,70.231902,-148.523374
"06-13","50029204570000",1081,70.239563,-148.483105
"06-14","50029204580000",1181,70.239288,-148.523969
"06-15","50029204590000",1444,70.246434,-148.500519
"06-16","50029204600000",1594,70.246856,-148.524693
D-15,"50029204610000",1844,70.30531,-148.748034
J-11,"50029204620000",351,70.328096,-148.874957
X-08,"50029204630000",2109,70.236758,-148.640148
E-09,"50029204660000",1056,70.340548,-148.623845
X-10,"50029204670000",71,70.227925,-148.651028
X-12,"50029204680000",226,70.241888,-148.672458
E-17,"50029204700000",3690,70.333374,-148.620071
X-11,"50029204710000",2371,70.236047,-148.662415
X-13,"50029204730000",76,70.24271,-148.697711
X-14,"50029204740000",1025,70.239712,-148.716444
E-11,"50029204750000",1564,70.347887,-148.628334
"17-01","50029204760000",1221,70.202703,-148.310829
"11-04","50029204800000",1403,70.267644,-148.330517
E-16,"50029204810000",1625,70.339,-148.663604
H-09,"50029204820000",4554,70.287725,-148.859449
"3-10-12","50029204830000",1777,70.252029,-149.06111
H-12,"50029204840000",1285,70.29678,-148.88126
H-11,"50029204850000",1337,70.296638,-148.856419
"17-02","50029204860000",1323,70.210127,-148.355194
H-10,"50029204870000",4296,70.288568,-148.881163
H-10AL1XX,"50029204879500",1101,,
"11-14","50029204880000",57,70.285729,-148.377881
X-15,"50029204890000",115,70.242816,-148.630516
"17-03","50029204920000",684,70.2012,-148.35834
N-09,"50029204940000",946,70.312095,-148.922927
J-13,"50029204970000",4048,70.33978,-148.807156
"17-04","50029204980000",2176,70.193397,-148.331341
"17-04AXX","50029204989500",4918,,
M-08,"50029204990000",2574,,
"15-10","50029205010000",1691,70.295673,-148.533853
"14-09","50029205020000",1320,70.217332,-148.563747
"15-21","50029205030000",328,70.315566,-148.60205
"1","50029205040000",140,70.271142,-149.124364
"12-09","50029205050000",1410,70.217578,-148.417512
"16-10","50029205060000",1287,70.202845,-148.250723
N-10,"50029205070000",1609,70.310289,-148.943202
"17-05","50029205080000",1453,70.209772,-148.336242
"15-22","50029205090000",1488,70.318726,-148.544747
"18-11-12","50029205110000",3695,70.304604,-149.19686
M-14,"50029205120000",3065,70.351987,-148.970119
Y-11,"50029205130000",4148,70.260147,-148.848022
A-12,"50029205150000",102,70.27175,-148.754806
"16-11","50029205160000",1359,70.210029,-148.225141
Y-12,"50029205170000",2863,70.263657,-148.83089
A-17,"50029205200000",1922,70.25164,-148.742638
A-16,"50029205210000",659,70.25508,-148.78508
M-13,"50029205220000",555,,
R-07,"50029205230000",2893,70.335549,-148.920365
"15-11-12","50029205240000",1072,70.303206,-149.08534
"16-16","50029205250000",1330,70.210108,-148.268757
"14-10","50029205280000",1605,70.223751,-148.58974
"14-11","50029205290000",4515,70.230205,-148.584646
"17-06","50029205300000",1347,70.217406,-148.330794
"16-01","50029205330000",1565,70.22386,-148.178169
"14-09A","50029205340000",4696,70.221197,-148.567489
"31-11-13","50029205360000",2238,70.263168,-148.926377
"13-12","50029205380000",1318,70.21016,-148.523599
"13-12AXX","50029205389500",1594,,
N-11,"50029205390000",1186,70.317903,-148.957504
"16-07XX","50029205439500",1320,,
"16-02","50029205440000",1202,70.217011,-148.199615
"2","50029205450000",1932,70.266199,-148.947033
"1","50029205460000",1235,70.282515,-148.925149
R-08,"50029205480000",62,70.358209,-148.935564
"16-08","50029205490000",4330,70.201926,-148.225905
"14-18","50029205510000",1103,70.2395,-148.608619
A-09,"50029205520000",1065,70.268567,-148.72969
G-10,"50029205530000",1250,70.318078,-148.744802
"16-03","50029205540000",1404,70.209906,-148.176777
T-03C,"50029205550000",2291,70.30843,-148.379359
N-13,"50029205560000",1486,70.325006,-148.922038
N-12,"50029205570000",430,70.313501,-148.887418
"16-09","50029205580000",1339,70.202987,-148.271703
H-13,"50029205590000",1212,70.297012,-148.81969
Y-07,"50029205600000",1962,70.266118,-148.810615
"16-04","50029205610000",1870,70.218831,-148.177911
"14-17","50029205620000",1687,70.223527,-148.608764
M-09,"50029205630000",427,70.327889,-148.977917
"16-12","50029205650000",982,70.211057,-148.248164
"16-13","50029205660000",566,70.226582,-148.205787
M-10,"50029205670000",1652,70.333549,-148.980834
A-10,"50029205680000",608,70.269815,-148.779373
"16-14","50029205700000",1679,70.218311,-148.221117
E-19,"50029205710000",2598,70.321978,-148.645187
Y-08,"50029205720000",2206,70.25087,-148.802679
"16-05","50029205740000",4255,70.202131,-148.203679
A-11,"50029205750000",2127,70.277281,-148.770144
E-20,"50029205760000",4829,70.330279,-148.648193
E-21,"50029205770000",830,70.331311,-148.696268
"14-19","50029205780000",941,70.245065,-148.607919
Y-09,"50029205790000",596,70.255251,-148.828704
H-14,"50029205800000",2266,70.30646,-148.817169
G-08,"50029205810000",4076,70.303568,-148.700752
G-09,"50029205820000",836,70.312395,-148.735436
G-11,"50029205830000",1056,70.317549,-148.768762
"16-06","50029205840000",1661,70.209205,-148.203647
"12-10","50029205860000",1305,70.210176,-148.391801
Y-10,"50029205870000",819,70.269239,-148.852637
M-11,"50029205890000",2393,70.33691,-148.942546
H-15,"50029205910000",1403,70.304116,-148.885551
H-16,"50029205920000",1440,70.304209,-148.862585
M-12,"50029205930000",54,70.343274,-148.934053
M-12AXX,"50029205939500",3219,,
N-14,"50029205940000",1492,70.32499,-148.893851
"17-07","50029205960000",1648,70.218232,-148.305107
G-12,"50029205970000",1401,70.325237,-148.755574
"14-20","50029205980000",1544,70.246706,-148.584404
G-13,"50029206000000",1219,70.325733,-148.707144
G-13BXX,"50029206000200",534,,
"12-11","50029206010000",1415,70.209876,-148.416933
"17-08","50029206020000",1225,70.210394,-148.311159
"13-11","50029206040000",441,70.214936,-148.46804
A-14,"50029206050000",3535,70.261822,-148.773223
A-15,"50029206060000",1272,70.253412,-148.720057
N-15,"50029206070000",929,70.331581,-148.912429
"14-16","50029206080000",1130,70.245579,-148.563739
R-09,"50029206090000",2846,70.351389,-148.903114
"12-12","50029206100000",4065,70.224819,-148.434918
"14-15","50029206110000",872,70.244877,-148.539846
M-15,"50029206120000",234,70.342896,-148.958668
M-16,"50029206130000",606,70.35638,-148.963302
"12-13","50029206140000",1169,70.224939,-148.398037
"17-09","50029206170000",1325,70.210075,-148.285713
R-10,"50029206180000",1030,,
G-17,"50029206190000",2320,70.308351,-148.696881
G-18,"50029206200000",2361,70.30824,-148.721407
"17-10","50029206220000",674,70.201173,-148.331752
E-10,"50029206230000",528,70.341984,-148.71769
"14-13","50029206240000",183,70.242005,-148.54989
"14-14","50029206250000",2804,70.234868,-148.529997
"13-05","50029206260000",948,70.216327,-148.453949
M-17,"50029206280000",3459,70.319633,-148.980665
F-19,"50029206290000",4854,70.356907,-148.749102
A-18,"50029206300000",1651,70.25238,-148.763102
"14-12","50029206310000",1612,70.238114,-148.562991
"14-26","50029206320000",890,70.230548,-148.54111
R-18,"50029206330000",220,70.358635,-148.89439
Y-13,"50029206340000",689,70.269801,-148.870302
F-18,"50029206360000",3549,70.353417,-148.732368
R-19,"50029206370000",48,70.358165,-148.903414
R-20,"50029206410000",901,70.355575,-148.952074
"13-06","50029206420000",705,70.213088,-148.445934
G-16,"50029206430000",4861,70.315811,-148.74923
"11-01","50029206440000",2019,70.251379,-148.327712
"15-13","50029206450000",3961,70.289482,-148.565669
G-14,"50029206460000",1978,70.323666,-148.73959
G-15,"50029206470000",1663,70.319203,-148.753004
A-19,"50029206480000",543,70.258538,-148.750758
"11-02","50029206490000",881,70.259462,-148.32966
"13-07","50029206500000",1856,70.208673,-148.460122
F-15,"50029206510000",4897,70.330097,-148.775575
F-17,"50029206520000",97,70.329316,-148.806138
"15-11","50029206530000",4787,70.287229,-148.523558
E-18,"50029206540000",2180,70.323116,-148.665317
"12-14","50029206590000",3135,70.205185,-148.373461
F-16,"50029206610000",232,70.329683,-148.76254
"15-12","50029206650000",3765,70.290017,-148.549312
"11-03","50029206660000",2194,70.250903,-148.355427
"13-08","50029206670000",701,70.201247,-148.453579
E-15,"50029206680000",1840,70.338414,-148.701988
"11-05","50029206700000",1034,70.268652,-148.354671
"13-09","50029206710000",2180,70.205281,-148.470237
A-13,"50029206720000",1637,70.275943,-148.74346
"11-06","50029206740000",1897,70.276653,-148.353217
X-18,"50029206750000",1984,70.247904,-148.701709
X-19,"50029206760000",1752,70.237733,-148.680151
R-17,"50029206770000",343,70.358971,-148.877721
"13-10","50029206780000",1421,70.20986,-148.479484
"14-30","50029206790000",124,70.227791,-148.550815
"14-29","50029206800000",2387,70.236004,-148.571215
X-17,"50029206810000",1362,70.253167,-148.65205
"15-14","50029206820000",1461,70.281898,-148.58714
D-16,"50029206830000",71,70.285693,-148.761093
X-16,"50029206840000",2374,70.248968,-148.621197
R-16,"50029206860000",144,,
R-16L1XX,"50029206869500",833,,
"11-07","50029206870000",1649,70.275976,-148.329418
"13-19","50029206900000",720,70.230085,-148.486638
"15-15","50029206910000",1790,70.28145,-148.540326
D-17,"50029206920000",963,70.288511,-148.783155
"02-19","50029206930000",429,70.258227,-148.488292
D-18,"50029206940000",2781,,
S-03,"50029206950000",3896,70.369614,-149.071219
"15-01","50029206960000",3746,70.290069,-148.584805
"15-02","50029206970000",1119,70.288937,-148.607278
S-02,"50029206980000",1796,70.338534,-149.035132
B-18,"50029207020000",485,70.272799,-148.671806
B-19,"50029207030000",1007,70.274224,-148.694191
"13-23","50029207040000",2184,70.222173,-148.506289
"13-20","50029207050000",301,70.228944,-148.469296
D-19,"50029207070000",1689,70.295678,-148.771664
"14-28","50029207080000",4232,70.231504,-148.560786
A-20,"50029207090000",291,70.243295,-148.728394
A-21,"50029207100000",910,70.24498,-148.752971
A-22,"50029207120000",1447,70.246442,-148.77902
"13-23A","50029207150000",2596,70.235195,-148.55129
A-23,"50029207160000",2102,70.265735,-148.713277
S-01,"50029207170000",170,70.35757,-149.077249
S-01BL1XX,"50029207179500",189,,
"13-17","50029207180000",2843,70.235867,-148.513958
"02-20","50029207210000",35,70.256777,-148.466165
"15-03","50029207220000",1426,70.296395,-148.585613
"13-18","50029207240000",2380,70.234606,-148.485567
"15-04","50029207260000",1332,70.296654,-148.607351
S-11,"50029207280000",1804,70.348543,-149.010525
S-12,"50029207290000",525,70.356601,-148.979395
"2","50029207300000",307,70.371606,-148.49039
"15-05","50029207310000",1141,70.303394,-148.602793
T-07,"50029207330000",564,70.359574,-148.805974
T-06XX,"50029207349500",1348,,
C-19,"50029207350000",1869,70.30958,-148.638819
D-22,"50029207370000",2742,70.292807,-148.7462
D-23,"50029207380000",2249,70.292019,-148.723217
"13-24","50029207390000",4758,70.226696,-148.531912
"02-22","50029207400000",1979,70.266071,-148.471095
"15-06","50029207420000",1366,70.304007,-148.587552
A-24,"50029207430000",127,70.271597,-148.714877
"02-24","50029207440000",90,70.256628,-148.505645
C-20,"50029207450000",2062,70.309054,-148.615974
"13-26","50029207460000",1535,70.223941,-148.543669
"14-22","50029207470000",1122,70.216793,-148.566057
"13-22","50029207490000",2343,70.221739,-148.466753
"18-01","50029207520000",1202,70.282605,-148.437267
C-21,"50029207530000",1415,,
"14-21","50029207560000",4849,70.214912,-148.585209
"14-23","50029207570000",2475,70.24924,-148.597884
C-22,"50029207580000",2332,70.293922,-148.698555
B-22,"50029207590000",1906,70.26627,-148.632823
"06-17","50029207600000",5241,70.22823,-148.512107
"13-25","50029207610000",2524,70.220614,-148.511295
"18-02","50029207620000",1390,70.282092,-148.456153
A-25,"50029207640000",3820,,
S-10,"50029207650000",1071,70.35511,-149.021156
"02-25","50029207660000",3013,70.263247,-148.509375
"06-18","50029207670000",2464,70.235794,-148.468845
"06-18A","50029207670100",3788,,
"13-30","50029207680000",929,70.216269,-148.520654
S-09,"50029207710000",4950,70.344517,-149.045867
"13-33","50029207730000",1781,70.218589,-148.50167
"02-26","50029207740000",2436,70.264823,-148.531025
C-23,"50029207750000",435,70.287071,-148.674813
"18-03","50029207760000",1110,70.288912,-148.455563
S-08,"50029207780000",1802,70.348537,-149.036502
B-23,"50029207790000",2209,70.265443,-148.653309
D-20,"50029207800000",174,,
"02-21","50029207810000",936,70.254326,-148.454046
"02-21B","50029207810200",3564,,
E-12,"50029207820000",31,70.3437,-148.665883
E-13,"50029207830000",2068,70.334681,-148.706562
E-14,"50029207840000",885,70.326642,-148.633251
C-18,"50029207850000",1168,70.317854,-148.631344
D-21,"50029207880000",397,70.284801,-148.720728
"13-21","50029207890000",1916,70.219695,-148.421358
"06-19","50029207910000",6,70.242517,-148.491096
A-26,"50029207940000",1094,70.274461,-148.785668
"02-23","50029207950000",2508,70.264627,-148.490886
"18-06","50029207970000",1153,70.29714,-148.459337
"13-32","50029207980000",2695,70.22108,-148.552135
"06-20","50029207990000",74,70.242704,-148.471863
"01-19","50029208000000",2888,,
"06-21","50029208020000",4,70.242492,-148.509234
"18-07","50029208030000",950,70.297693,-148.509383
S-14,"50029208040000",1794,70.353144,-148.981829
"06-22","50029208060000",2508,70.24933,-148.467083
"06-23","50029208080000",2502,70.250065,-148.487209
A-27,"50029208090000",1874,70.266358,-148.760891
S-13,"50029208100000",1232,70.340131,-148.99892
"13-34","50029208110000",2187,70.222165,-148.489583
B-24,"50029208150000",22,70.257115,-148.700559
C-24,"50029208160000",4642,70.287633,-148.695533
"18-10","50029208180000",1491,70.31061,-148.500389
"18-10AL1XX","50029208189500",5208,,
C-25,"50029208190000",762,70.287963,-148.649704
"01-20","50029208210000",2733,70.249942,-148.445613
"06-24","50029208220000",2711,70.249882,-148.51127
"13-16","50029208230000",65,70.213911,-148.490082
A-28,"50029208250000",1340,70.282228,-148.793442
B-25,"50029208260000",194,70.257585,-148.687282
"01-21","50029208270000",2406,70.249044,-148.402174
S-07,"50029208290000",2416,70.335628,-149.017394
"13-15","50029208310000",347,70.21468,-148.532507
C-26,"50029208340000",2022,70.280367,-148.694935
S-06,"50029208390000",583,70.341835,-149.018541
A-29,"50029208410000",3340,,
B-20,"50029208420000",906,70.273948,-148.653284
C-27,"50029208430000",2197,70.27989,-148.65423
"13-14","50029208450000",2486,70.22135,-148.533312
"07-15","50029208470000",267,70.272203,-148.575528
"01-22","50029208480000",2573,70.249507,-148.380108
B-21,"50029208500000",1456,70.267499,-148.699791
"13-13","50029208520000",398,70.212646,-148.509065
"01-23","50029208540000",419,70.241537,-148.445927
M-18,"50029208550000",1941,70.33814,-148.969319
"07-16","50029208560000",2165,70.279977,-148.555567
"01-24","50029208600000",2509,70.235671,-148.449684
H-17,"50029208620000",328,70.301178,-148.807407
"12-20","50029208630000",5,70.228126,-148.425125
C-28,"50029208670000",1962,,
S-05,"50029208690000",2287,70.35179,-148.997451
"12-19","50029208700000",323,70.229003,-148.4434
"07-17","50029208710000",228,70.270852,-148.551915
"01-25","50029208740000",2414,70.234699,-148.426018
"18-04","50029208750000",2107,70.291631,-148.478166
"12-18","50029208770000",2568,70.220734,-148.405505
"13-98","50029208780000",70,70.214664,-148.450787
"07-18","50029208790000",2491,70.263859,-148.552351
H-18,"50029208800000",445,70.301496,-148.823844
H-19,"50029208830000",2221,70.308621,-148.806679
"01-26","50029208850000",2352,70.236099,-148.362452
N-16,"50029208860000",532,70.313223,-148.904477
"07-19","50029208870000",117,70.256554,-148.528339
R-11,"50029208930000",2013,70.337944,-148.927921
"12-17","50029208940000",2467,70.221402,-148.445074
H-20,"50029208960000",2166,70.308771,-148.833355
M-19,"50029208970000",1110,70.346647,-148.981002
N-17,"50029208980000",910,70.326574,-148.906296
"12-16","50029208990000",166,70.213281,-148.426461
"07-07A","50029209010000",1055,70.274554,-148.540423
"07-07BXX","50029209019500",5206,,
"07-20","50029209020000",37,70.256772,-148.552875
N-18,"50029209060000",1094,70.326079,-148.938507
"07-21","50029209070000",2752,70.26396,-148.576263
R-14,"50029209090000",915,70.346115,-148.936939
M-20,"50029209120000",1263,70.347065,-148.953953
Y-18,"50029209160000",235,70.286525,-148.820466
R-15,"50029209170000",1845,70.348655,-148.916172
"12-15","50029209180000",2590,70.206672,-148.450859
Y-17,"50029209200000",1668,70.281333,-148.822373
R-12,"50029209210000",3930,70.332748,-148.901754
N-19,"50029209220000",1416,70.31853,-148.926183
M-21,"50029209230000",710,70.341489,-148.945883
"07-22","50029209250000",192,70.256347,-148.57717
"13-29","50029209280000",420,70.214879,-148.548417
R-13,"50029209290000",1591,70.339092,-148.885478
"07-26","50029209310000",1907,70.266268,-148.617202
Y-16,"50029209320000",317,70.27234,-148.811609
M-22,"50029209360000",1842,70.338409,-148.991922
M-23,"50029209370000",5052,,
"07-25","50029209380000",2594,70.264386,-148.598826
M-24,"50029209390000",1743,70.333796,-148.937342
Y-15,"50029209400000",2280,70.277698,-148.797402
"13-28","50029209420000",1692,70.209121,-148.495578
"07-24","50029209450000",5,70.256859,-148.615346
"07-23XX","50029209479500",316,,
"13-27","50029209490000",3435,70.204367,-148.48391
Y-14XX,"50029209519500",655,,
J-14,"50029209550000",4711,70.316223,-148.822858
S-04,"50029209590000",2163,70.352129,-149.045202
J-15,"50029209610000",31,70.314757,-148.80958
J-16,"50029209670000",2520,,
J-17,"50029209690000",2594,70.321989,-148.805653
"14-24","50029209700000",28,,
"03-19","50029209710000",334,70.227214,-148.323004
B-26,"50029209760000",198,70.256334,-148.64356
"04-16","50029209770000",1494,70.275553,-148.224064
"03-20","50029209800000",139,70.228502,-148.278036
"14-25","50029209810000",942,70.239938,-148.619957
J-18,"50029209860000",3392,70.319826,-148.77888
"14-31","50029209890000",2441,70.249147,-148.575126
"03-21","50029209900000",39,,
"04-20","50029209960000",2134,70.291705,-148.293441
R-21,"50029209970000",3579,70.353393,-148.916651
K-01,"50029209980000",906,70.355561,-148.580478
"14-32","50029209990000",2199,70.248489,-148.552513
"14-32A","50029209990100",3895,,
"03-22","50029210000000",2417,,
"14-33","50029210020000",2371,70.249458,-148.529184
"03-23","50029210040000",2318,70.234438,-148.328613
R-22,"50029210050000",3920,70.353972,-148.864972
K-02,"50029210060000",1731,70.338711,-148.608507
"01-01A","50029210070000",202,70.243053,-148.339662
"14-34","50029210100000",4849,,
K-03,"50029210110000",595,70.341802,-148.586663
R-23,"50029210130000",1095,70.355045,-148.838395
R-23L1XX,"50029210139500",983,,
K-02A,"50029210140000",834,70.355757,-148.609928
"03-24","50029210150000",714,70.230069,-148.355564
"14-35","50029210180000",65,70.242326,-148.574434
"03-25","50029210210000",4,70.242492,-148.323254
K-04,"50029210230000",1847,70.338395,-148.607788
K-05XX,"50029210269500",829,,
"03-26","50029210270000",14,70.228085,-148.238258
F-24,"50029210300000",3675,70.353833,-148.798362
"21-11-12","50029210330000",2308,70.29218,-149.116121
"09-21","50029210360000",1795,70.251988,-148.15995
K-06,"50029210380000",124,70.343954,-148.608719
"14-36","50029210390000",2621,70.235366,-148.5965
"12-25","50029210420000",102,70.213456,-148.360859
K-07,"50029210450000",1424,70.347505,-148.59937
"14-27","50029210460000",284,70.22735,-148.575174
"09-22","50029210490000",1265,70.245947,-148.16232
"14-37XX","50029210649500",71,,
"09-23","50029210660000",1760,70.237711,-148.1624
"12-26","50029210710000",2535,70.221216,-148.362106
"12-27","50029210810000",2446,70.220401,-148.384864
"09-25","50029210830000",1097,70.231112,-148.16607
X-26,"50029210850000",527,70.243938,-148.684819
"12-28","50029210860000",272,70.228865,-148.362734
"12-29","50029210870000",88,70.227884,-148.385612
X-25,"50029210880000",2176,70.250952,-148.695313
"09-26","50029210910000",305,70.241673,-148.256992
X-24,"50029210980000",1928,70.247751,-148.652179
"12-21","50029211010000",136,70.228494,-148.407606
"12-23","50029211050000",248,70.21441,-148.404089
"12-22","50029211070000",275,70.214484,-148.380551
X-23,"50029211080000",737,70.230131,-148.631385
"03-27","50029211090000",51,70.242672,-148.277183
X-27,"50029211120000",1488,70.26112,-148.654036
S-15,"50029211130000",1732,70.367718,-149.013252
"03-28","50029211140000",629,70.244215,-148.301164
"15-16","50029211150000",4208,70.311894,-148.541506
U-06,"50029211170000",663,70.302091,-148.925577
U-06AXX,"50029211179500",1351,,
"03-29","50029211180000",2742,70.235592,-148.299369
"03-30","50029211220000",20,70.228178,-148.258891
S-16,"50029211230000",2212,70.366408,-149.028387
"15-17","50029211260000",1233,70.311313,-148.561782
U-07,"50029211270000",536,70.301745,-148.902441
"03-31","50029211290000",3194,70.236864,-148.281834
"03-34","50029211320000",2570,70.221121,-148.278752
"15-20","50029211330000",1410,70.296439,-148.564157
U-08,"50029211360000",1162,70.297115,-148.906174
"03-32","50029211410000",2354,70.236093,-148.259157
"03-33","50029211420000",2419,70.234713,-148.240125
U-09,"50029211440000",596,70.28751,-148.898117
S-17,"50029211480000",2568,70.350629,-149.058624
S-18,"50029211560000",817,70.331276,-149.028279
"15-07","50029211660000",3178,70.308945,-148.522661
U-02,"50029211700000",2451,70.307994,-148.957545
U-03,"50029211730000",1676,70.295714,-148.928818
"15-08","50029211800000",1985,70.305694,-148.54553
"18-11","50029211810000",1926,70.295032,-148.440904
"17-14","50029211900000",2409,70.22156,-148.292795
U-04,"50029211910000",879,70.312278,-148.975073
U-05,"50029211920000",261,70.300992,-148.94737
"17-13","50029212000000",134,70.214102,-148.340837
"15-09","50029212010000",1209,70.303579,-148.526071
"11-12","50029212120000",2710,,
"11-15","50029212210000",942,70.25431,-148.340201
"11-13","50029212290000",2291,70.265219,-148.340125
R-24,"50029212320000",683,70.341563,-148.910199
T-01,"50029212410000",127,70.358381,-148.82907
"11-08","50029212450000",1223,70.282547,-148.310565
"17-11","50029212590000",2594,70.220807,-148.315891
"17-12","50029212600000",2974,70.221843,-148.343163
"09-27","50029212910000",201,,
"09-28","50029212920000",2431,70.250258,-148.299426
A-35,"50029213130000",591,70.273088,-148.730547
"09-35","50029213140000",115,70.25656,-148.260823
N-20,"50029213200000",1562,70.318927,-148.890521
"04-32","50029213260000",2947,70.263428,-148.279614
"09-34","50029213290000",2335,70.265099,-148.234303
"04-31","50029213340000",2468,70.264736,-148.254667
A-34,"50029213390000",175,70.271952,-148.770193
N-21,"50029213420000",160,70.314237,-148.871579
"04-30","50029213450000",2474,70.263813,-148.298903
A-33XX,"50029213479500",327,,
N-22,"50029213490000",2787,70.307079,-148.882198
"09-33","50029213650000",306,70.257891,-148.239127
"09-32","50029213710000",538,70.255409,-148.278905
A-30,"50029213720000",2761,70.249362,-148.728797
N-11A,"50029213750000",3083,70.306272,-148.912082
"11-11","50029213820000",3899,70.2821,-148.332812
A-31,"50029213830000",2,70.256867,-148.733971
N-04A,"50029213920000",1682,70.324472,-148.879668
"11-10","50029213940000",1412,,
A-32,"50029213950000",832,70.259328,-148.719508
"09-31","50029213960000",2556,70.24946,-148.254908
"11-09","50029214020000",1378,70.296526,-148.280325
K-08,"50029214080000",2814,70.351301,-148.619269
U-12,"50029214090000",4832,70.313455,-148.958385
U-12AXX,"50029214099500",396,,
A-33,"50029214100000",895,70.269031,-148.799964
"09-30","50029214110000",108,70.256579,-148.299675
K-05,"50029214180000",386,70.328001,-148.620079
S-12A,"50029214190000",4791,70.344951,-149.00723
U-11,"50029214200000",546,70.298795,-148.890416
"09-29","50029214220000",2766,,
U-10,"50029214230000",2219,70.291937,-148.911783
"09-24","50029214280000",1223,70.260434,-148.179812
"09-36","50029214290000",2378,70.250402,-148.236069
"16-07","50029214300000",5,70.21372,-148.257387
"04-21","50029214350000",1180,70.297066,-148.299857
"16-17","50029214410000",2478,,
"04-29","50029214530000",1428,70.267576,-148.203376
"04-22","50029214540000",1176,70.297077,-148.278854
JX-02,"50029214550000",1038,70.3175,-148.869009
H-27,"50029214560000",370,70.315683,-148.841428
"16-18","50029214610000",204,70.21429,-148.235916
D-29,"50029214700000",671,70.302113,-148.735848
B-27,"50029214710000",992,70.274183,-148.634043
C-29,"50029214720000",1512,70.281759,-148.623562
"16-15","50029214740000",2478,,
"16-19","50029214750000",251,70.228807,-148.217408
H-25,"50029214780000",1763,,
"04-23","50029214840000",1424,70.281999,-148.289731
H-26,"50029214870000",2273,70.306485,-148.855918
"04-28","50029214880000",1233,70.27484,-148.199053
"16-20","50029214930000",2763,,
"04-27","50029215030000",768,70.283789,-148.224977
D-24,"50029215060000",1098,70.303285,-148.715289
R-26,"50029215070000",309,70.344459,-148.89155
"04-24","50029215080000",1440,70.289812,-148.26826
B-28,"50029215100000",1982,70.280476,-148.636274
H-24,"50029215120000",412,70.299157,-148.869575
"16-21","50029215180000",4722,,
"04-26","50029215200000",3786,70.281808,-148.246626
"04-18","50029215210000",1382,70.289654,-148.313272
D-25,"50029215220000",1864,70.309594,-148.744018
B-29,"50029215230000",2084,70.265784,-148.67655
D-26,"50029215300000",4825,70.301524,-148.792165
"16-22XX","50029215319500",2058,,
"04-17","50029215320000",1207,70.282591,-148.269868
"04-19XX","50029215339500",1213,,
"16-24","50029215360000",392,70.227056,-148.168367
B-30,"50029215420000",5243,70.285985,-148.686967
D-27,"50029215430000",254,70.300973,-148.772076
"04-33","50029215450000",1528,70.290052,-148.225672
R-26A,"50029215470000",2153,70.349496,-148.888482
"16-31XX","50029215519500",2382,,
C-31XX,"50029215529500",3440,,
C-35,"50029215530000",4961,70.301153,-148.677762
"04-25","50029215550000",1285,70.289389,-148.24581
D-28,"50029215560000",2054,70.309076,-148.757134
R-27,"50029215570000",737,70.341416,-148.869397
Y-22,"50029215580000",4265,70.274245,-148.877818
C-32,"50029215590000",2642,70.29308,-148.628572
"18-09","50029215660000",367,70.301284,-148.509456
M-25,"50029215700000",3825,70.318636,-148.951201
C-38,"50029215710000",292,70.313877,-148.665843
Y-21,"50029215740000",1241,70.253496,-148.851035
H-21,"50029215750000",2704,70.29291,-148.827278
"18-08","50029215770000",879,70.297887,-148.483039
M-28,"50029215780000",3050,70.335122,-148.956349
"11-16","50029215810000",2984,70.248753,-148.317814
"18-05","50029215830000",43,70.286001,-148.508842
Y-20,"50029215870000",2731,70.249441,-148.886452
H-22,"50029215880000",3073,70.291904,-148.848434
Y-23,"50029215900000",1964,70.280525,-148.86433
"01-27XX","50029215919500",2826,,
"18-19","50029215960000",533,70.287338,-148.464509
"01-28","50029215970000",94,70.242762,-148.360972
"11-17","50029215980000",354,70.255909,-148.318007
G-19,"50029215990000",587,70.313073,-148.773635
"01-29","50029216040000",93,70.242756,-148.383182
"01-30","50029216060000",2416,70.234704,-148.407211
"11-18","50029216070000",2289,70.263307,-148.319615
Y-24,"50029216080000",3698,70.246809,-148.869166
"01-34","50029216090000",2838,70.234773,-148.38554
"11-23","50029216100000",1281,70.296791,-148.34402
S-19,"50029216110000",5019,70.344328,-149.031284
F-20,"50029216120000",2500,70.336618,-148.780327
G-30,"50029216130000",2493,70.322264,-148.698587
"18-14","50029216140000",1157,70.28904,-148.432726
"18-12","50029216150000",1155,70.289035,-148.389105
G-31,"50029216160000",1767,70.324241,-148.720833
G-31AXX,"50029216169500",2171,,
"01-33","50029216170000",77,70.242713,-148.426123
"01-32","50029216220000",190,70.24302,-148.404668
"11-24","50029216230000",223,70.272083,-148.341216
"01-31","50029216260000",1171,70.239315,-148.373751
F-29,"50029216270000",2634,70.336259,-148.796772
"11-26","50029216280000",1364,70.282163,-148.354946
J-19,"50029216290000",2392,70.336912,-148.821678
"07-23","50029216350000",154,70.257476,-148.598858
G-32,"50029216360000",202,70.328502,-148.718708
S-20,"50029216370000",3924,70.347319,-149.0223
"11-27","50029216380000",1441,70.289815,-148.35455
G-27,"50029216460000",250,70.315354,-148.731904
F-31,"50029216470000",2644,70.336227,-148.781013
F-28,"50029216490000",2977,70.337155,-148.75416
G-29,"50029216500000",41,70.32894,-148.750499
G-25,"50029216520000",2794,70.321444,-148.677631
F-23,"50029216580000",2161,70.337541,-148.711928
F-27,"50029216590000",4467,70.341214,-148.730361
G-26,"50029216610000",50,70.314536,-148.688462
L3-22,"50029216630000",1479,70.296251,-148.284834
L3-24,"50029216700000",2065,70.291517,-148.264526
G-24,"50029216710000",868,70.312305,-148.701521
G-23,"50029216800000",4947,70.31558,-148.709827
J-24,"50029216860000",5248,70.343334,-148.818389
"11-28XX","50029216919500",1868,,
J-22,"50029216980000",3293,70.338014,-148.846479
J-21,"50029217050000",4391,70.331472,-148.851012
J-23,"50029217120000",1066,70.326147,-148.858609
J-20,"50029217160000",438,70.313479,-148.785991
J-28,"50029217210000",1847,70.338395,-148.867086
N-23,"50029217250000",4328,70.331643,-148.934636
J-27,"50029217330000",2510,70.322217,-148.839675
J-26,"50029217340000",1297,,
K-09,"50029217360000",4030,70.332454,-148.636055
J-25,"50029217410000",205,70.329615,-148.819334
"07-27","50029217440000",2623,70.278634,-148.575188
"07-27AXX","50029217449500",3684,,
E-29,"50029217450000",726,70.345609,-148.720788
"18-16","50029217490000",236,70.29964,-148.430261
K-14,"50029217520000",3356,70.319913,-148.606034
E-28,"50029217530000",155,70.342999,-148.709689
"18-15","50029217550000",1898,70.295108,-148.408434
"18-13","50029217560000",1208,70.289179,-148.415125
K-13,"50029217570000",1448,70.325104,-148.651676
K-12,"50029217590000",3334,70.334349,-148.611885
E-27,"50029217600000",2198,70.33744,-148.688405
K-10,"50029217620000",79,70.343206,-148.636419
E-23,"50029217630000",3216,70.320295,-148.65503
K-11,"50029217650000",1120,70.355009,-148.594728
"18-17","50029217680000",2460,70.293576,-148.497343
E-24,"50029217690000",1037,70.326228,-148.674263
"07-28","50029217700000",112,70.28619,-148.595108
E-25,"50029217730000",325,70.328121,-148.687549
C-31,"50029217750000",2868,70.292463,-148.614616
W-40,"50029217760000",323,70.286651,-149.085364
C-30,"50029217770000",2376,70.293805,-148.651216
E-26,"50029217810000",2000,70.337979,-148.650771
"07-29","50029217820000",5137,70.286274,-148.574049
"07-29D","50029217820400",28,,
W-39,"50029217840000",3791,70.289935,-149.099643
C-34,"50029217850000",646,70.298522,-148.652759
"07-30","50029217860000",2953,70.27954,-148.596676
Z-08,"50029217870000",2898,70.306776,-149.23996
C-36,"50029217900000",3295,70.305694,-148.671701
H-23,"50029217940000",3161,70.291664,-148.814243
Z-06,"50029217980000",1469,70.296284,-149.230659
W-35,"50029217990000",2448,70.293609,-149.126942
H-30,"50029218000000",544,70.313191,-148.862172
H-28,"50029218060000",3254,70.309161,-148.790355
W-38,"50029218070000",5224,70.271627,-149.142554
W-20,"50029218080000",844,70.297982,-149.068224
"07-33","50029218090000",2330,70.277835,-148.531138
"14-37","50029218100000",2087,70.236821,-148.611242
"07-34","50029218120000",399,70.272564,-148.529829
H-29,"50029218130000",4847,70.301464,-148.848911
Z-02,"50029218140000",3716,70.29015,-149.204399
Z-02AXX,"50029218149500",2933,,
W-42,"50029218160000",1118,70.282834,-149.085768
W-06,"50029218220000",3491,70.276358,-149.052902
"15-19","50029218290000",244,70.299618,-148.581079
Z-01,"50029218300000",42,70.285769,-149.208888
Y-14,"50029218320000",4067,70.260369,-148.830648
W-24,"50029218330000",4360,70.302791,-149.087619
W-29,"50029218340000",2057,70.309068,-149.11579
"15-25","50029218420000",1440,70.296357,-148.541538
F-35,"50029218430000",2183,,
Z-14,"50029218440000",4110,70.303473,-149.168155
Z-15,"50029218490000",2531,70.307182,-149.146951
W-37,"50029218550000",4118,70.289054,-149.112428
W-17,"50029218560000",1011,70.297538,-149.036053
Y-19,"50029218570000",804,70.273675,-148.842988
Z-20,"50029218590000",464,70.299018,-149.145908
"14-38","50029218620000",101,70.227745,-148.617213
W-36,"50029218650000",2034,70.294738,-149.110028
W-01,"50029218660000",4601,70.287747,-149.035156
W-34,"50029218670000",567,70.298743,-149.13074
W-22,"50029218690000",4850,70.301456,-149.077865
Z-31,"50029218710000",2798,70.321433,-149.20305
"18-18","50029218720000",1654,70.310166,-148.460016
W-25,"50029218740000",1229,70.303634,-149.123588
"14-40","50029218750000",2967,,
Z-28,"50029218790000",2443,70.308016,-149.19732
W-18,"50029218800000",768,70.29819,-149.078552
Y-25,"50029218830000",1295,70.275012,-148.886804
W-30,"50029218870000",630,70.298566,-149.119515
"14-39","50029218880000",74,70.228328,-148.596524
"18-20","50029218900000",1620,70.275897,-148.426131
"12-30","50029218910000",2536,70.206819,-148.359499
W-10,"50029218930000",1199,70.268196,-149.113123
W-27,"50029218940000",2140,70.294448,-149.140461
Z-33,"50029218950000",3002,70.292098,-149.21225
"18-23","50029218980000",411,70.299163,-148.461794
W-31,"50029219000000",779,70.302412,-149.142449
Z-25,"50029219020000",1057,70.311793,-149.167622
"12-31","50029219030000",2175,70.207804,-148.385202
M-29,"50029219040000",1283,70.325559,-148.95988
W-08,"50029219060000",765,70.284152,-149.028804
W-04,"50029219070000",4685,70.287507,-149.047367
"12-33","50029219090000",2533,70.206827,-148.425173
"12-32","50029219100000",345,70.227184,-148.335952
Z-24,"50029219170000",2381,70.308185,-149.172899
W-07,"50029219180000",4743,70.272946,-149.043011
"09-38","50029219190000",2087,70.248184,-148.292408
Z-32,"50029219240000",695,70.312779,-149.204189
W-21,"50029219290000",2342,70.308291,-149.067052
F-32,"50029219300000",4269,70.346377,-148.791172
"09-37XX","50029219369500",1401,,
Z-21,"50029219380000",4487,70.312512,-149.189784
W-05,"50029219390000",2883,70.278028,-149.029168
"18-21","50029219440000",306,70.28506,-148.394213
Z-26,"50029219450000",3400,70.309556,-149.158329
W-09,"50029219470000",1561,70.267215,-149.127338
"18-25","50029219480000",2367,70.29234,-148.382075
F-21,"50029219490000",2119,70.352249,-148.784436
Z-23,"50029219500000",1038,70.303113,-149.186726
F-22,"50029219510000",4758,70.345041,-148.76539
"18-24","50029219520000",2563,70.292875,-148.447304
W-03,"50029219530000",3190,70.291585,-149.075093
Z-29,"50029219540000",4517,70.316751,-149.194791
Z-29AXX,"50029219549500",640,,
"11-28","50029219580000",1008,70.288634,-148.37203
"11-28B","50029219580200",2080,,
"05-18","50029219600000",3102,70.265528,-148.384297
W-02XX,"50029219619500",1978,,
"05-19","50029219620000",1238,70.260437,-148.368458
"05-23","50029219630000",66,70.271657,-148.405962
W-26,"50029219640000",506,70.313294,-149.12737
Z-19XX,"50029219659500",770,,
Z-09,"50029219670000",290,70.301082,-149.241083
"05-21","50029219690000",724,70.254903,-148.381621
W-32,"50029219700000",2441,70.308022,-149.098148
Z-18,"50029219710000",4709,70.273033,-149.14805
F-37,"50029219740000",3077,70.349633,-148.796974
W-44,"50029219750000",5125,70.300706,-149.153965
"05-22","50029219760000",178,70.256388,-148.422791
Z-12,"50029219770000",1234,70.282517,-149.198258
"05-27","50029219790000",2488,70.250103,-148.358879
"05-27B","50029219790200",1135,,
F-34,"50029219800000",3986,70.34715,-148.749362
W-11,"50029219810000",4714,70.27302,-149.125495
F-30,"50029219820000",3762,70.347762,-148.826782
"05-26","50029219840000",3724,,
Z-10,"50029219860000",4181,70.311678,-149.267403
F-26,"50029219870000",2210,70.323034,-148.765805
"05-25","50029219880000",1989,70.262488,-148.428638
L1-27,"50029219890000",2362,70.351585,-148.468235
Z-04,"50029219900000",744,70.297712,-149.218254
M-27,"50029219920000",3749,70.333219,-149.012529
W-23,"50029219930000",2759,70.307809,-149.083214
"02-27","50029219940000",285,70.272253,-148.508777
Z-17,"50029220010000",3616,70.276014,-149.168725
"02-29","50029220020000",1004,70.268733,-148.475329
M-26,"50029220040000",2889,70.350146,-148.981456
W-19,"50029220060000",587,70.313073,-149.109098
"02-29A","50029220110000",19,70.271529,-148.448209
"02-28","50029220120000",1502,70.275577,-148.506733
Z-30,"50029220130000",4860,70.327911,-149.206746
WGI-05,"50029220150000",1103,70.326049,-148.498296
Y-27,"50029220190000",917,70.254378,-148.8933
WGI-06,"50029220210000",291,70.329844,-148.515202
Z-27,"50029220220000",2663,70.321801,-149.188908
W-12,"50029220230000",734,70.269471,-149.099078
WGI-07,"50029220310000",754,70.326999,-148.509432
"11-22","50029220350000",62,70.256704,-148.342567
S-21,"50029220360000",3244,70.363592,-149.046468
Z-22,"50029220370000",1593,70.324715,-149.222189
WGI-08,"50029220380000",160,70.328616,-148.489746
"16-22","50029220400000",1942,70.219028,-148.148639
W-15,"50029220420000",2454,70.293592,-149.032618
S-24,"50029220440000",4483,70.36021,-149.008009
W-16,"50029220450000",2133,70.294468,-149.05249
Z-07,"50029220460000",2202,70.308673,-149.257052
S-26,"50029220470000",2511,70.351178,-149.014769
"16-23","50029220500000",1407,70.195496,-148.199293
S-30,"50029220510000",2622,70.336286,-149.00111
Z-11,"50029220530000",4199,70.288833,-149.19627
"09-41","50029220540000",2535,70.264553,-148.215716
Z-05,"50029220560000",796,70.302453,-149.223798
S-27,"50029220570000",1372,70.339688,-149.043512
"09-42","50029220590000",136,70.257427,-148.212791
Z-13,"50029220690000",1010,70.318347,-149.17454
S-25,"50029220770000",5047,70.35867,-149.028468
"09-43","50029220780000",2227,70.265397,-148.193679
P-13,"50029220800000",1684,70.266877,-148.934523
S-29,"50029220820000",4644,70.330783,-149.047011
"09-45","50029220830000",2545,70.249948,-148.214945
Z-03XX,"50029220859500",2189,,
"09-44","50029220870000",4852,70.255705,-148.193048
S-23,"50029220880000",1546,70.368226,-149.049779
P-20,"50029220890000",934,70.254331,-148.987758
"09-46","50029220920000",1743,70.237757,-148.144575
F-38,"50029220930000",654,70.341639,-148.7996
P-19,"50029220940000",564,70.255338,-148.923284
S-28,"50029220950000",3716,70.347887,-149.052497
P-18,"50029220970000",1611,70.252489,-148.908791
"09-47","50029220980000",2693,70.249841,-148.19197
S-32,"50029220990000",2174,70.363974,-149.00977
F-39,"50029221010000",1301,70.354482,-148.829687
P-17,"50029221050000",3150,70.262873,-148.949408
F-42,"50029221080000",3727,70.353794,-148.772369
S-31,"50029221090000",2377,70.365958,-149.05787
P-16,"50029221130000",4426,70.269148,-148.972406
"09-40","50029221180000",1334,70.267832,-148.182996
S-22,"50029221190000",4709,70.370886,-149.057074
P-15,"50029221200000",2609,70.249773,-148.897678
F-46,"50029221220000",1054,70.331918,-148.770411
Y-29,"50029221230000",3364,70.247719,-148.855622
"09-48","50029221280000",1002,70.245231,-148.143932
P-14,"50029221290000",4440,70.25935,-148.878197
F-44,"50029221300000",785,70.326915,-148.765037
"09-39","50029221330000",860,70.259404,-148.288519
Y-30,"50029221350000",1032,70.268657,-148.83818
P-12,"50029221360000",3117,70.262963,-148.92165
"05-20","50029221370000",254,70.256181,-148.401932
F-45,"50029221420000",4193,70.332011,-148.75416
P-11,"50029221430000",1183,70.268245,-148.951114
Y-33,"50029221440000",3715,70.281622,-148.849768
"04-35","50029221470000",5167,70.285576,-148.253689
P-21,"50029221480000",2319,70.236189,-148.982906
Y-32,"50029221490000",3135,70.248339,-148.796072
B-31,"50029221520000",4428,70.259382,-148.672
P-10,"50029221580000",916,70.259557,-148.936259
"05-31","50029221590000",388,70.270415,-148.42699
"04-34","50029221600000",1273,70.282411,-148.202366
Y-31,"50029221610000",4797,70.272793,-148.857186
"04-36","50029221620000",2571,70.278492,-148.210084
GC-02DXX,"50029221639500",4467,,
GC-03EXX,"50029221649500",900,,
B-32,"50029221650000",1695,70.252261,-148.67554
P-06,"50029221660000",529,70.272919,-148.938441
"05-33","50029221680000",3184,70.265752,-148.439928
Y-28,"50029221690000",921,70.26896,-148.815286
"04-37","50029221710000",285,70.270697,-148.217017
"05-35","50029221720000",244,70.270759,-148.438465
P-03,"50029221760000",2631,70.264241,-148.906546
Y-34,"50029221780000",2829,70.26375,-148.810146
F-43,"50029221790000",2405,70.350184,-148.838273
P-04,"50029221800000",297,70.257866,-148.887652
"04-39","50029221810000",365,70.270478,-148.188563
"05-36","50029221820000",1267,70.268032,-148.44674
"03-35","50029221840000",927,70.225603,-148.24711
Y-35,"50029221860000",117,70.271155,-148.796214
Y-35AXX,"50029221869500",1706,,
F-48,"50029221870000",3952,70.354414,-148.815274
"05-32","50029221900000",521,,
Y-26,"50029221910000",2482,70.264698,-148.870916
"02-30","50029222020000",475,70.284588,-148.505892
F-41,"50029222030000",1955,70.348963,-148.804424
"05-24","50029222040000",2877,70.264946,-148.360385
"05-28","50029222080000",3242,70.280326,-148.4045
"02-32","50029222090000",2262,70.279712,-148.482877
"04-38","50029222100000",116,70.271158,-148.280874
"05-30","50029222130000",2246,70.279756,-148.380159
"02-33","50029222140000",305,70.272307,-148.488316
F-40,"50029222150000",1882,70.323928,-148.784997
"05-34","50029222170000",1630,70.267027,-148.427297
"05-34A","50029222170100",3328,,
"02-35","50029222220000",2173,70.262991,-148.466755
"15-24","50029222230000",2908,70.292354,-148.572538
"04-40","50029222240000",105,70.271188,-148.298249
"15-23","50029222250000",2940,70.29227,-148.604321
"02-31","50029222270000",211,70.270899,-148.462521
"04-42","50029222290000",1497,70.267387,-148.289287
F-47,"50029222320000",1187,70.332283,-148.724656
"02-34","50029222340000",2872,70.263632,-148.447029
"15-26","50029222350000",9,70.300259,-148.60163
"04-41","50029222370000",96,70.271212,-148.257762
"15-27","50029222430000",3314,70.309321,-148.580102
U-01,"50029222440000",251,70.313989,-148.94658
Z-16,"50029222450000",2353,70.279464,-149.183243
"15-28","50029222470000",363,70.315667,-148.579932
Z-19,"50029222510000",4331,70.326471,-149.195914
M-30,"50029222550000",1383,70.347393,-148.999805
M-31,"50029222560000",395,70.344694,-148.972026
M-32,"50029222570000",906,70.340956,-148.955112
"15-29","50029222590000",3191,,
"16-27","50029222600000",186,70.213227,-148.199937
"16-26","50029222670000",1210,70.202635,-148.183295
"16-25","50029222700000",2973,70.205627,-148.215782
N-24,"50029222710000",2679,70.307373,-148.900663
"16-29","50029222720000",2638,70.206541,-148.277336
R-28,"50029222730000",4370,70.346101,-148.927119
"15-18","50029222740000",1121,70.317729,-148.61835
R-29,"50029222750000",3111,70.34954,-148.941629
"16-28","50029222760000",129,70.214086,-148.277102
R-31,"50029222770000",697,70.356132,-148.925269
R-25,"50029222780000",1645,70.353543,-148.938391
R-30,"50029222790000",1936,70.352748,-148.957638
"16-31","50029222800000",446,70.21495,-148.168693
"16-30","50029222810000",417,70.226987,-148.15016
"15-30","50029222820000",18,70.314624,-148.524132
"15-31","50029222850000",2654,70.293011,-148.526709
"17-16","50029222860000",2661,70.206478,-148.29607
P-01,"50029222870000",3448,70.280869,-148.9251
"14-41","50029222900000",2401,70.249039,-148.587696
S-37,"50029222910000",2092,70.352211,-149.007969
"17-15","50029222920000",1239,70.195954,-148.28968
S-33,"50029222930000",780,70.355905,-149.037874
"17-18XX","50029222949500",3994,,
"14-43","50029222960000",996,70.245214,-148.597634
"17-19","50029222970000",2872,70.205903,-148.344965
"17-20","50029223000000",123,70.214069,-148.318055
S-36,"50029223010000",279,70.357273,-149.047482
"18-22","50029223030000",357,70.28491,-148.422172
S-34,"50029223050000",3264,70.363537,-149.039042
AGI-01,"50029223070000",1187,70.346907,-148.417631
"17-21","50029223080000",132,70.214094,-148.29813
S-38,"50029223100000",131,70.358392,-149.018527
AGI-02,"50029223110000",1517,70.347759,-148.427694
"18-29","50029223160000",4162,70.288934,-148.46998
"09-49","50029223170000",761,,
AGI-03,"50029223180000",1517,70.347759,-148.409334
"09-51","50029223200000",2342,,
"18-27","50029223210000",710,70.302219,-148.483023
AGI-04,"50029223230000",2338,70.350001,-148.418164
S-35,"50029223240000",1743,70.362792,-149.019768
"09-50","50029223250000",381,70.241466,-148.193596
AGI-05,"50029223270000",2600,70.350717,-148.430751
"18-26","50029223290000",1382,70.310907,-148.471952
A-37,"50029223310000",2907,70.248962,-148.764221
AGI-06,"50029223330000",3608,70.353469,-148.413051
A-40,"50029223370000",371,70.258069,-148.766556
B-33,"50029223390000",1804,70.251964,-148.709523
"03-36","50029223400000",2264,70.234301,-148.211879
AGI-07,"50029223430000",4222,70.355157,-148.417758
A-39,"50029223440000",815,70.269217,-148.764892
A-38,"50029223470000",4549,70.244493,-148.763947
AGI-08,"50029223480000",294,70.357232,-148.41168
AGI-09,"50029223500000",137,70.35766,-148.42352
B-34,"50029223520000",1659,70.252359,-148.642088
AGI-10,"50029223530000",5241,70.358144,-148.430264
C-42,"50029223570000",1761,70.305084,-148.650359
C-37,"50029223600000",1656,70.304811,-148.632669
P-09,"50029223620000",2112,70.27724,-148.997368
C-33,"50029223730000",623,70.312975,-148.625211
P-02,"50029223760000",167,70.286421,-148.934651
P-08,"50029223770000",1867,70.281087,-148.941754
C-39,"50029223830000",1458,70.296311,-148.637106
C-41,"50029223850000",1574,70.296,-148.61839
U-14,"50029223860000",134,70.299918,-148.913431
X-21,"50029223920000",1087,70.239544,-148.642756
P-23,"50029223930000",957,70.268646,-148.877535
X-28,"50029223940000",1115,70.239467,-148.699199
P-22,"50029223960000",2981,70.263335,-148.884533
E-32,"50029223980000",4869,70.315792,-148.658238
X-22,"50029223990000",3340,70.233408,-148.707688
Y-36,"50029224000000",163,70.285439,-148.79143
Y-37,"50029224030000",869,,
X-29,"50029224040000",742,70.240483,-148.729263
B-35,"50029224060000",2402,70.264916,-148.690692
R-34,"50029224080000",2633,70.350807,-148.81977
E-31,"50029224110000",2849,70.321297,-148.631538
X-32,"50029224120000",1051,70.245364,-148.66936
R-32,"50029224130000",3480,70.35312,-148.8503
X-34,"50029224170000",591,70.244112,-148.717563
E-33,"50029224220000",3634,70.333535,-148.696203
R-35,"50029224240000",1836,70.348442,-148.85521
R-35AXX,"50029224249500",2832,,
K-16,"50029224300000",2360,70.322626,-148.594033
"04-46","50029224340000",993,70.259773,-148.271355
X-31,"50029224350000",1990,70.237085,-148.729738
X-35,"50029224360000",1081,70.23956,-148.742332
E-34,"50029224370000",794,70.345787,-148.637788
"04-47","50029224390000",4472,70.259262,-148.313579
"04-43","50029224430000",737,70.254867,-148.224006
H-31,"50029224440000",2709,70.292897,-148.881947
"04-44","50029224460000",860,70.254533,-148.268846
"15-33","50029224480000",3950,70.311049,-148.607739
H-32,"50029224490000",1650,70.295785,-148.873001
"09-37","50029224510000",2170,70.24841,-148.202713
"04-45","50029224540000",982,70.254201,-148.310837
H-33,"50029224580000",1718,70.295599,-148.845994
"13-31","50029224590000",266,70.214459,-148.558774
"13-35","50029224600000",2458,70.207032,-148.508019
"15-32","50029224620000",2684,,
"11-29","50029224660000",3845,70.260975,-148.330339
"15-34","50029224740000",521,70.301704,-148.52056
"11-35","50029224760000",2718,70.278893,-148.325022
"11-36","50029224770000",2857,70.279273,-148.296608
X-20,"50029224780000",5107,70.228603,-148.701041
"15-36","50029224800000",595,70.313052,-148.543114
N-25,"50029224810000",3795,70.325009,-148.928826
N-26,"50029224830000",342,70.328121,-148.94283
"11-30","50029224840000",3083,70.294299,-148.366324
"15-37","50029224850000",1296,70.311142,-148.552432
"15-35","50029224880000",2285,70.306512,-148.539356
"11-33","50029224900000",359,70.284905,-148.299186
"15-41","50029224920000",1206,70.311387,-148.577322
S-40,"50029224940000",1045,70.340578,-149.00688
"15-38","50029224960000",794,70.283718,-148.539502
"04-48","50029224980000",2281,70.265249,-148.242537
"15-39","50029225030000",954,70.312073,-148.56781
M-33,"50029225040000",3286,70.334479,-148.928727
R-37XX,"50029225059500",1050,,
"11-31","50029225090000",402,70.284787,-148.349184
"11-31AXX","50029225099500",3467,,
"15-40","50029225110000",484,70.284564,-148.552407
"11-32","50029225120000",81,70.286105,-148.322032
M-34,"50029225140000",1234,70.332411,-148.973844
"12-34","50029225150000",644,70.201091,-148.443119
"12-34AL1XX","50029225159500",1017,,
"12-34AXX","50029225159600",5182,,
"11-34","50029225160000",1704,70.281235,-148.374333
M-36XX,"50029225179500",377,,
M-38,"50029225190000",1344,70.33271,-148.945277
R-36,"50029225220000",2341,70.350009,-148.875969
"07-32","50029225250000",3776,70.281781,-148.579916
R-39,"50029225260000",4751,70.341982,-148.916866
A-41,"50029225300000",2982,70.265186,-148.780343
K-19,"50029225310000",3158,70.337647,-148.628928
P-07,"50029225350000",3663,,
K-17,"50029225370000",3702,70.339127,-148.582833
A-42,"50029225420000",1214,70.239206,-148.756455
P-05,"50029225450000",607,70.269817,-148.902093
X-30,"50029225500000",3300,70.219131,-148.661329
Y-38,"50029225530000",3741,70.281685,-148.834802
K-20,"50029225550000",3506,70.324222,-148.607876
E-35,"50029225570000",2021,70.337922,-148.670958
E-36,"50029225630000",275,70.344366,-148.680312
"18-28","50029225640000",2940,70.292267,-148.39713
"18-28L1XX","50029225649500",3358,,
U-15,"50029225650000",4310,70.297639,-148.897778
U-15BXX,"50029225659500",1328,,
"18-30","50029225680000",4507,70.283783,-148.398592
E-37,"50029225710000",542,70.327582,-148.710457
"14-44","50029225730000",578,70.212158,-148.621535
G-20XX,"50029225749500",1580,,
E-38,"50029225750000",290,70.342632,-148.653891
"18-31","50029225790000",1118,70.303328,-148.46282
"18-32","50029225850000",311,70.299436,-148.408274
E-39,"50029225870000",1050,70.33191,-148.658715
"12-35","50029225880000",1971,70.190305,-148.448936
"18-33","50029225980000",3069,70.308654,-148.392952
H-35,"50029226000000",4069,70.296984,-148.833848
G-21,"50029226040000",908,70.312199,-148.76292
H-36,"50029226050000",2441,70.306937,-148.778056
"12-36","50029226060000",719,70.197373,-148.459406
"18-34","50029226110000",3964,,
"13-36","50029226130000",1138,70.196232,-148.471927
"15-47","50029226170000",507,70.287267,-148.582728
"15-42","50029226240000",179,70.285396,-148.522887
F-36,"50029226310000",270,70.358771,-148.779526
"15-48","50029226350000",4273,70.297538,-148.598898
"15-48C","50029226350300",2047,,
F-33,"50029226400000",328,70.358927,-148.768806
S-41,"50029226450000",4102,70.369241,-148.974355
D-30,"50029226460000",932,70.302824,-148.694715
"15-49","50029226510000",772,70.298179,-148.521691
D-33,"50029226520000",460,70.301537,-148.764875
S-42,"50029226620000",3340,70.35274,-149.032209
"15-46","50029226650000",907,70.317143,-148.600224
B-36,"50029226670000",1665,70.27602,-148.619344
"15-45","50029226710000",3741,70.31048,-148.59194
D-31,"50029226720000",1069,70.282967,-148.771082
"15-43","50029226760000",3525,70.295498,-148.554468
A-43,"50029226770000",2734,70.278937,-148.756326
"15-44","50029226830000",3016,70.308504,-148.555826
"05-41","50029226960000",1283,70.253382,-148.42403
X-33,"50029226990000",4452,70.215991,-148.647737
"05-40","50029227070000",162,70.256432,-148.360384
"02-38","50029227080000",4130,70.282741,-148.457082
X-36,"50029227100000",3010,70.219922,-148.674253
"04-49","50029227130000",1884,70.276617,-148.240275
"05-39","50029227150000",1438,70.260983,-148.384273
"11-37","50029227160000",393,70.272547,-148.310928
"02-37","50029227170000",4127,,
"02-39","50029227210000",4111,70.282695,-148.448419
"05-38","50029227220000",2604,70.264168,-148.37818
"11-38","50029227230000",4319,70.268851,-148.362599
P-26,"50029227270000",227,70.272094,-148.898885
S-44,"50029227350000",855,70.360371,-149.080065
P-25,"50029227420000",383,70.27252,-148.953457
S-43,"50029227540000",2731,70.365489,-149.000113
P-24,"50029227550000",1968,70.276847,-148.977424
H-37,"50029227720000",600,70.28425,-148.872476
Z-03,"50029227870000",3750,70.290058,-149.178818
W-02,"50029227930000",2202,70.294279,-149.096928
H-34,"50029228030000",3620,70.29576,-148.862544
"07-36","50029228060000",2085,70.279185,-148.569047
"07-37","50029228100000",3899,70.282116,-148.622544
"07-35","50029228110000",800,70.273658,-148.59447
Z-38,"50029228730000",3872,70.310836,-149.283695
"02-36","50029228770000",1805,70.290808,-148.497464
Z-35,"50029228840000",4007,70.311204,-149.232412
L2-11,"50029228850000",3151,70.308872,-148.421834
Z-37XX,"50029229019500",480,,
L2-07,"50029229100000",801,70.316705,-148.476251
R-40,"50029229260000",2374,70.3501,-148.902936
Z-39,"50029229950000",3076,,
"17-22","50029230000000",1748,70.194565,-148.245621
L-01,"50029230110000",1186,70.346699,-149.315038
L-02,"50029230480000",4818,70.357068,-149.385154
PSI-06,"50029230820000",3992,,
PSI-09,"50029230950000",2933,,
PSI-01,"50029231040000",1131,,
PSI-10,"50029231100000",5235,,
PSI-08,"50029231140000",608,,
V-03,"50029231240000",3539,,
PSI-05,"50029231740000",2591,,
PSI-07,"50029231770000",3823,,
P-27,"50029232030000",4986,,
V-02,"50029232090000",1912,,
V-01,"50029232100000",843,,
L-03,"50029232690000",1012,,
L-50,"50029232770000",1217,,
Z-46,"50029232800000",2624,,
L-51,"50029233090000",1234,,
L-04,"50029233190000",2243,,
V-04,"50029233220000",801,,
WGI-09,"50029233270000",1405,,
N-27,"50029233650000",186,,
W-45,"50029233690000",1887,,
V-07,"50029233720000",190,,
B-37,"50029233750000",4001,,
"02-40","50029233770000",170,,
V-05,"50029233910000",4325,,
"12-37","50029233980000",5270,,
R-41,"50029233990000",3809,,
H-38,"50029234020000",1182,,
A-44,"50029234120000",4235,,
"03-37","50029234210000",1258,,
W-56,"50029234230000",2352,,
P-28,"50029234250000",207,,
"13-37","50029234280000",1983,,
Z-67,"50029234410000",1542,,
Z-65,"50029234510000",148,,
Z-40,"50029234620000",1159,,
Z-50,"50029234630000",3003,,
Z-34,"50029234690000",2310,,
Z-70XX,"50029234700000",534,,
Z-69,"50029234710000",2933,,
Z-61,"50029234740000",764,,
A-45XX,"50029234750000",1938,,
Z-66,"50029234820000",764,,
Z-71,"50029234840000",1703,,
U-16,"50029234850000",4829,,
J-29,"50029234860000",2791,,
W-51,"50029234880000",1714,,
Z-68,"50029234930000",3374,,
W-59,"50029234980000",3139,,
Z-70,"50029235000000",3163,,
A-45,"50029235020000",2012,,
P-29,"50029235030000",4057,,
K-21,"50029235110000",4898,,
Y-39,"50029235140000",4534,,
J-30,"50029235150000",4466,,
"11-39","50029235180000",302,,
N-29,"50029235210000",534,,
P-30,"50029235220000",1797,,
N-30,"50029235230000",1236,,
N-28,"50029235240000",1721,,
"07-38","50029235360000",5018,,
R-42,"50029235390000",296,,
H-40,"50029235400000",3527,,
"18-35","50029235430000",177,,
"02-41","50029235470000",700,,
"11-40","50029235530000",626,,
D-35,"50029235540000",4882,,
N-31,"50029235600000",122,,
R-44,"50029235620000",2747,,
"01-35XX","50029235650000",1813,,
V-08,"50029235680000",3383,,
"04-51","50029235970000",1495,,
"01-36","50029236030000",107,,
"09-52","50029236180000",721,,
L5-27,"50029236270000",3530,,
"01-37","50029236330000",247,,
J-31,"50029236610000",2888,,
PAVE 1-1,"50029237670000",580,,
